{
    "lda_1_similarity_correct": {
        "5": 0.21352313167259787,
        "6": 0.2597864768683274,
        "7": 0.18149466192170818,
        "8": 0.2704626334519573,
        "9": 0.21352313167259787,
        "10": 0.2491103202846975
    },
    "lda_1_similarity_same": {
        "5": 0.13167259786476868,
        "6": 0.17437722419928825,
        "7": 0.09608540925266904,
        "8": 0.15658362989323843,
        "9": 0.1387900355871886,
        "10": 0.16370106761565836
    },
    "lda_2_similarity_correct": {
        "5": 0.17437722419928825,
        "6": 0.24199288256227758,
        "7": 0.2277580071174377,
        "8": 0.2313167259786477,
        "9": 0.17793594306049823,
        "10": 0.26334519572953735
    },
    "lda_2_similarity_same": {
        "5": 0.11387900355871886,
        "6": 0.1423487544483986,
        "7": 0.13167259786476868,
        "8": 0.13523131672597866,
        "9": 0.08540925266903915,
        "10": 0.1423487544483986
    },
    "lda_3_similarity_correct": {
        "5": 0.23487544483985764,
        "6": 0.23843416370106763,
        "7": 0.2313167259786477,
        "8": 0.2491103202846975,
        "9": 0.16725978647686832,
        "10": 0.24199288256227758
    },
    "lda_3_similarity_same": {
        "5": 0.13167259786476868,
        "6": 0.1494661921708185,
        "7": 0.15658362989323843,
        "8": 0.14590747330960854,
        "9": 0.06761565836298933,
        "10": 0.1103202846975089
    },
    "lda_4_similarity_correct": {
        "5": 0.21352313167259787,
        "6": 0.2313167259786477,
        "7": 0.22419928825622776,
        "8": 0.22419928825622776,
        "9": 0.15302491103202848,
        "10": 0.24199288256227758
    },
    "lda_4_similarity_same": {
        "5": 0.12099644128113879,
        "6": 0.1494661921708185,
        "7": 0.13523131672597866,
        "8": 0.1103202846975089,
        "9": 0.08896797153024912,
        "10": 0.1103202846975089
    },
    "lda_5_similarity_correct": {
        "5": 0.2277580071174377,
        "6": 0.23487544483985764,
        "7": 0.18861209964412812,
        "8": 0.21352313167259787,
        "9": 0.18149466192170818,
        "10": 0.23487544483985764
    },
    "lda_5_similarity_same": {
        "5": 0.13523131672597866,
        "6": 0.1601423487544484,
        "7": 0.11387900355871886,
        "8": 0.12811387900355872,
        "9": 0.10320284697508897,
        "10": 0.099644128113879
    },
    "lsi_1_similarity_correct": {
        "5": 0.22419928825622776,
        "6": 0.17793594306049823,
        "7": 0.2277580071174377,
        "8": 0.1494661921708185,
        "9": 0.15302491103202848,
        "10": 0.14590747330960854
    },
    "lsi_1_similarity_same": {
        "5": 0.1387900355871886,
        "6": 0.12099644128113879,
        "7": 0.13167259786476868,
        "8": 0.07829181494661921,
        "9": 0.08896797153024912,
        "10": 0.08896797153024912
    },
    "lsi_2_similarity_correct": {
        "5": 0.2206405693950178,
        "6": 0.17793594306049823,
        "7": 0.23487544483985764,
        "8": 0.15302491103202848,
        "9": 0.15302491103202848,
        "10": 0.14590747330960854
    },
    "lsi_2_similarity_same": {
        "5": 0.12811387900355872,
        "6": 0.12811387900355872,
        "7": 0.1387900355871886,
        "8": 0.07829181494661921,
        "9": 0.07829181494661921,
        "10": 0.05693950177935943
    },
    "lsi_3_similarity_correct": {
        "5": 0.20640569395017794,
        "6": 0.19217081850533807,
        "7": 0.2526690391459075,
        "8": 0.13523131672597866,
        "9": 0.1387900355871886,
        "10": 0.16370106761565836
    },
    "lsi_3_similarity_same": {
        "5": 0.12811387900355872,
        "6": 0.13523131672597866,
        "7": 0.1423487544483986,
        "8": 0.08540925266903915,
        "9": 0.07473309608540925,
        "10": 0.06761565836298933
    },
    "lsi_4_similarity_correct": {
        "5": 0.18149466192170818,
        "6": 0.16725978647686832,
        "7": 0.2277580071174377,
        "8": 0.1708185053380783,
        "9": 0.13523131672597866,
        "10": 0.1387900355871886
    },
    "lsi_4_similarity_same": {
        "5": 0.09608540925266904,
        "6": 0.11743772241992882,
        "7": 0.12455516014234876,
        "8": 0.07829181494661921,
        "9": 0.08540925266903915,
        "10": 0.06761565836298933
    },
    "lsi_5_similarity_correct": {
        "5": 0.23487544483985764,
        "6": 0.16370106761565836,
        "7": 0.21352313167259787,
        "8": 0.11743772241992882,
        "9": 0.12811387900355872,
        "10": 0.12811387900355872
    },
    "lsi_5_similarity_same": {
        "5": 0.12455516014234876,
        "6": 0.07829181494661921,
        "7": 0.10320284697508897,
        "8": 0.06405693950177936,
        "9": 0.08540925266903915,
        "10": 0.07829181494661921
    }
}