{
    "lda_1_similarity_correct": {
        "1": 0.1341222879684418,
        "2": 0.16370808678500987,
        "3": 0.27958579881656803,
        "4": 0.20808678500986194,
        "5": 0.1883629191321499,
        "6": 0.20167652859960553,
        "7": 0.23964497041420119,
        "8": 0.1863905325443787,
        "9": 0.20562130177514792,
        "10": 0.23224852071005916,
        "11": 0.3249506903353057,
        "12": 0.33136094674556216,
        "13": 0.29980276134122286,
        "14": 0.28500986193293887
    },
    "lda_1_similarity_same": {
        "1": 0.005917159763313609,
        "2": 0.0670611439842209,
        "3": 0.2416173570019724,
        "4": 0.16518737672583828,
        "5": 0.14201183431952663,
        "6": 0.15877712031558186,
        "7": 0.18293885601577908,
        "8": 0.1296844181459566,
        "9": 0.1351084812623274,
        "10": 0.17504930966469429,
        "11": 0.26627218934911245,
        "12": 0.2539447731755424,
        "13": 0.21104536489151873,
        "14": 0.23668639053254437
    },
    "lda_2_similarity_correct": {
        "1": 0.1341222879684418,
        "2": 0.1301775147928994,
        "3": 0.2495069033530572,
        "4": 0.20315581854043394,
        "5": 0.1903353057199211,
        "6": 0.1858974358974359,
        "7": 0.23520710059171598,
        "8": 0.1957593688362919,
        "9": 0.23372781065088757,
        "10": 0.22682445759368836,
        "11": 0.33136094674556216,
        "12": 0.3239644970414201,
        "13": 0.2569033530571992,
        "14": 0.2588757396449704
    },
    "lda_2_similarity_same": {
        "1": 0.005917159763313609,
        "2": 0.0655818540433925,
        "3": 0.21893491124260356,
        "4": 0.16715976331360946,
        "5": 0.15581854043392504,
        "6": 0.13609467455621302,
        "7": 0.1863905325443787,
        "8": 0.15088757396449703,
        "9": 0.15680473372781065,
        "10": 0.1765285996055227,
        "11": 0.26577909270216965,
        "12": 0.22830374753451677,
        "13": 0.20907297830374755,
        "14": 0.19822485207100593
    },
    "lda_3_similarity_correct": {
        "1": 0.1341222879684418,
        "2": 0.24260355029585798,
        "3": 0.2864891518737673,
        "4": 0.17850098619329388,
        "5": 0.1957593688362919,
        "6": 0.20857988165680474,
        "7": 0.22287968441814596,
        "8": 0.21301775147928995,
        "9": 0.22978303747534518,
        "10": 0.22928994082840237,
        "11": 0.2588757396449704,
        "12": 0.31903353057199213,
        "13": 0.26232741617357,
        "14": 0.3106508875739645
    },
    "lda_3_similarity_same": {
        "1": 0.005917159763313609,
        "2": 0.21548323471400394,
        "3": 0.240138067061144,
        "4": 0.14151873767258383,
        "5": 0.15236686390532544,
        "6": 0.15384615384615385,
        "7": 0.17504930966469429,
        "8": 0.15877712031558186,
        "9": 0.16617357001972385,
        "10": 0.17159763313609466,
        "11": 0.20857988165680474,
        "12": 0.23767258382642997,
        "13": 0.21005917159763313,
        "14": 0.2559171597633136
    },
    "lda_4_similarity_correct": {
        "1": 0.1341222879684418,
        "2": 0.22287968441814596,
        "3": 0.2539447731755424,
        "4": 0.20266272189349113,
        "5": 0.21794871794871795,
        "6": 0.21252465483234714,
        "7": 0.23076923076923078,
        "8": 0.21252465483234714,
        "9": 0.21252465483234714,
        "10": 0.21893491124260356,
        "11": 0.2781065088757396,
        "12": 0.28353057199211046,
        "13": 0.269723865877712,
        "14": 0.2973372781065089
    },
    "lda_4_similarity_same": {
        "1": 0.005917159763313609,
        "2": 0.20019723865877712,
        "3": 0.22287968441814596,
        "4": 0.15680473372781065,
        "5": 0.13609467455621302,
        "6": 0.15877712031558186,
        "7": 0.17702169625246547,
        "8": 0.15483234714003946,
        "9": 0.15138067061143984,
        "10": 0.1799802761341223,
        "11": 0.21005917159763313,
        "12": 0.21992110453648916,
        "13": 0.21942800788954636,
        "14": 0.2445759368836292
    },
    "lda_5_similarity_correct": {
        "1": 0.07642998027613412,
        "2": 0.1898422090729783,
        "3": 0.26282051282051283,
        "4": 0.20216962524654833,
        "5": 0.1839250493096647,
        "6": 0.1868836291913215,
        "7": 0.21548323471400394,
        "8": 0.20660749506903353,
        "9": 0.22238658777120315,
        "10": 0.23520710059171598,
        "11": 0.33086785009861935,
        "12": 0.31903353057199213,
        "13": 0.2692307692307692,
        "14": 0.3126232741617357
    },
    "lda_5_similarity_same": {
        "1": 0.07149901380670612,
        "2": 0.16272189349112426,
        "3": 0.21351084812623275,
        "4": 0.16321499013806706,
        "5": 0.14053254437869822,
        "6": 0.14595660749506903,
        "7": 0.15631163708086784,
        "8": 0.14349112426035504,
        "9": 0.16124260355029585,
        "10": 0.1868836291913215,
        "11": 0.2618343195266272,
        "12": 0.20069033530571992,
        "13": 0.21696252465483234,
        "14": 0.2519723865877712
    },
    "lsi_1_similarity_correct": {
        "1": 0.1341222879684418,
        "2": 0.11883629191321499,
        "3": 0.11735700197238659,
        "4": 0.15088757396449703,
        "5": 0.1257396449704142,
        "6": 0.11932938856015779,
        "7": 0.2504930966469428,
        "8": 0.20118343195266272,
        "9": 0.1804733727810651,
        "10": 0.1937869822485207,
        "11": 0.20857988165680474,
        "12": 0.19625246548323472,
        "13": 0.1987179487179487,
        "14": 0.2534516765285996
    },
    "lsi_1_similarity_same": {
        "1": 0.005917159763313609,
        "2": 0.10305719921104536,
        "3": 0.08481262327416174,
        "4": 0.11932938856015779,
        "5": 0.07593688362919132,
        "6": 0.07938856015779093,
        "7": 0.126232741617357,
        "8": 0.11390532544378698,
        "9": 0.10207100591715976,
        "10": 0.09911242603550297,
        "11": 0.126232741617357,
        "12": 0.11045364891518737,
        "13": 0.1203155818540434,
        "14": 0.13609467455621302
    },
    "lsi_2_similarity_correct": {
        "1": 0.1341222879684418,
        "2": 0.10059171597633136,
        "3": 0.1267258382642998,
        "4": 0.1257396449704142,
        "5": 0.12179487179487179,
        "6": 0.20808678500986194,
        "7": 0.16025641025641027,
        "8": 0.1957593688362919,
        "9": 0.1863905325443787,
        "10": 0.1898422090729783,
        "11": 0.21351084812623275,
        "12": 0.20118343195266272,
        "13": 0.20118343195266272,
        "14": 0.22534516765285997
    },
    "lsi_2_similarity_same": {
        "1": 0.005917159763313609,
        "2": 0.05719921104536489,
        "3": 0.08629191321499013,
        "4": 0.09516765285996055,
        "5": 0.08579881656804733,
        "6": 0.08382642998027613,
        "7": 0.10650887573964497,
        "8": 0.11143984220907298,
        "9": 0.09763313609467456,
        "10": 0.09368836291913216,
        "11": 0.1227810650887574,
        "12": 0.1178500986193294,
        "13": 0.1242603550295858,
        "14": 0.11637080867850098
    },
    "lsi_3_similarity_correct": {
        "1": 0.1341222879684418,
        "2": 0.20266272189349113,
        "3": 0.14053254437869822,
        "4": 0.126232741617357,
        "5": 0.12721893491124261,
        "6": 0.20857988165680474,
        "7": 0.2618343195266272,
        "8": 0.19674556213017752,
        "9": 0.1898422090729783,
        "10": 0.19280078895463512,
        "11": 0.19674556213017752,
        "12": 0.21005917159763313,
        "13": 0.20216962524654833,
        "14": 0.23717948717948717
    },
    "lsi_3_similarity_same": {
        "1": 0.005917159763313609,
        "2": 0.02564102564102564,
        "3": 0.09023668639053255,
        "4": 0.08481262327416174,
        "5": 0.08727810650887574,
        "6": 0.07840236686390532,
        "7": 0.11587771203155818,