{
    "lda_same_1": {
        "3": 0.2416173570019724,
        "4": 0.16518737672583828,
        "5": 0.14201183431952663,
        "6": 0.15877712031558186,
        "7": 0.18293885601577908,
        "8": 0.1296844181459566
    },
    "lda_top_1": {
        "3": 0.27958579881656803,
        "4": 0.20808678500986194,
        "5": 0.1883629191321499,
        "6": 0.20167652859960553,
        "7": 0.23964497041420119,
        "8": 0.1863905325443787
    },
    "lda_same_2": {
        "3": 0.21893491124260356,
        "4": 0.16715976331360946,
        "5": 0.15581854043392504,
        "6": 0.13609467455621302,
        "7": 0.1863905325443787,
        "8": 0.15088757396449703
    },
    "lda_same_3": {
        "3": 0.240138067061144,
        "4": 0.14151873767258383,
        "5": 0.15236686390532544,
        "6": 0.15384615384615385,
        "7": 0.17504930966469429,
        "8": 0.15877712031558186
    },
    "lda_top_3": {
        "3": 0.40828402366863903,
        "4": 0.3081854043392505,
        "5": 0.3831360946745562,
        "6": 0.386094674556213,
        "7": 0.41321499013806706,
        "8": 0.3875739644970414
    },
    "lda_same_4": {
        "3": 0.22287968441814596,
        "4": 0.15680473372781065,
        "5": 0.13609467455621302,
        "6": 0.15877712031558186,
        "7": 0.17702169625246547,
        "8": 0.15483234714003946
    },
    "lda_same_5": {
        "3": 0.21351084812623275,
        "4": 0.16321499013806706,
        "5": 0.14053254437869822,
        "6": 0.14595660749506903,
        "7": 0.15631163708086784,
        "8": 0.14349112426035504
    },
    "lda_top_5": {
        "3": 0.4442800788954635,
        "4": 0.398422090729783,
        "5": 0.4472386587771203,
        "6": 0.47928994082840237,
        "7": 0.4995069033530572,
        "8": 0.47879684418145957
    },
    "lsi_same_1": {
        "3": 0.07692307692307693,
        "4": 0.16715976331360946,
        "5": 0.07938856015779093,
        "6": 0.1242603550295858,
        "7": 0.07001972386587771,
        "8": 0.11390532544378698
    },
    "lsi_top_1": {
        "3": 0.11439842209072978,
        "4": 0.20660749506903353,
        "5": 0.11883629191321499,
        "6": 0.23027613412228798,
        "7": 0.10502958579881656,
        "8": 0.20463510848126232
    },
    "lsi_same_2": {
        "3": 0.11143984220907298,
        "4": 0.10502958579881656,
        "5": 0.0695266272189349,
        "6": 0.1301775147928994,
        "7": 0.07445759368836292,
        "8": 0.10601577909270217
    },
    "lsi_same_3": {
        "3": 0.09418145956607495,
        "4": 0.11045364891518737,
        "5": 0.0675542406311637,
        "6": 0.12721893491124261,
        "7": 0.06903353057199212,
        "8": 0.10404339250493097
    },
    "lsi_top_3": {
        "3": 0.2485207100591716,
        "4": 0.2593688362919132,
        "5": 0.14891518737672585,
        "6": 0.34171597633136097,
        "7": 0.23076923076923078,
        "8": 0.26429980276134124
    },
    "lsi_same_4": {
        "3": 0.10552268244575937,
        "4": 0.10453648915187377,
        "5": 0.07248520710059171,
        "6": 0.11932938856015779,
        "7": 0.07248520710059171,
        "8": 0.09368836291913216
    },
    "lsi_same_5": {
        "3": 0.10355029585798817,
        "4": 0.09911242603550297,
        "5": 0.0655818540433925,
        "6": 0.12179487179487179,
        "7": 0.07445759368836292,
        "8": 0.10946745562130178
    },
    "lsi_top_5": {
        "3": 0.2608481262327416,
        "4": 0.2687376725838264,
        "5": 0.15779092702169625,
        "6": 0.3742603550295858,
        "7": 0.2509861932938856,
        "8": 0.2958579881656805
    }
}